,Subject,memory_scores,memory_rates,memory_dprime,memory_metad,memory_criterion,memory_mratio,memory_mdiff,visual_scores,visual_rates,visual_dprime,visual_metad,visual_criterion,visual_mratio,visual_mdiff,motor_scores,motor_rates,motor_dprime,motor_metad,motor_criterion,motor_mratio,motor_mdiff,visuomotor_scores,visuomotor_rates,visuomotor_dprime,visuomotor_metad,visuomotor_criterion,visuomotor_mratio,visuomotor_mdiff,memory_mratio_log,visual_mratio_log,visuomotor_mratio_log,motor_mratio_log,DGI_memory_visual,DGI_memory_visuomotor,DGI_memory_motor,DGI_visual_visuomotor,DGI_visual_motor,DGI_visuomotor_motor
0,1,"(59, 15, 33, 79)","(0.7972972972972973, 0.29464285714285715)",1.3526506384217538,2.059890405783755,-0.1460674289077057,1.5228547174510592,0.707239767362001,"(66, 29, 33, 72)","(0.6947368421052632, 0.3142857142857143)",0.98234954743249,1.717541548723469,-0.0127918832085185,1.7484016287405104,0.735192001290979,,,,,,,,,,,,,,,0.4205866770129569,0.5587020155671641,,,0.13811533855420727,,,,,
1,2,"(55, 27, 28, 71)","(0.6707317073170732, 0.2828282828282828)",1.0043080488046785,1.4303789507576303,0.0662627333921897,1.4242432413641002,0.4260709019529518,"(71, 17, 35, 57)","(0.8068181818181818, 0.3804347826086957)",1.1546885330385592,0.1401106942027823,-0.2809458261570088,0.1213406820920629,-1.014577838835777,"(82, 20, 30, 60)","(0.803921568627451, 0.3333333333333333)",1.270789786857791,0.5712011520501323,-0.2124925656487572,0.4494851610843589,-0.6995886348076588,"(65, 25, 29, 73)","(0.7222222222222222, 0.28431372549019607)",1.146098514640348,0.9667747646524292,-0.0096908563336588,0.8435354834709025,-0.1793237499879189,0.3536406139671437,-2.109153135154768,-0.1701533109325898,-0.7996524376635167,2.4627937491219116,0.5237939248997335,1.1532930516306603,1.938999824222178,1.3095006974912513,0.6294991267309269
2,3,"(66, 23, 12, 80)","(0.7415730337078652, 0.13043478260869565)",1.7457141818482085,2.1143822806374133,0.2380678251234828,1.2111846845391905,0.3686680987892048,"(70, 20, 32, 58)","(0.7777777777777778, 0.35555555555555557)",1.1206056817746728,1.0795534826149251,-0.1971727144898137,0.9633660619186456,-0.0410521991597474,"(68, 26, 37, 61)","(0.723404255319149, 0.37755102040816324)",0.8946372019853681,0.380683329873028,-0.1405327495806533,0.425516990606047,-0.51395387211234,"(77, 21, 42, 52)","(0.7857142857142857, 0.44680851063829785)",0.9140936050412436,0.8419482006142007,-0.3289548979761528,0.9210743800972244,-0.0721454044270429,0.19159895875583483,-0.037321812810869964,-0.08221448583876044,-0.8544504008468968,0.2289207715667048,0.2738134445945953,1.0460493596027316,0.044892673027890476,0.8171285880360268,0.7722359150081364
3,4,"(81, 17, 16, 75)","(0.826530612244898, 0.17582417582417584)",1.8456070260201536,1.7132775115239431,-0.0045734261903364,0.9283002759360076,-0.1323295144962106,"(62, 34, 15, 69)","(0.6458333333333334, 0.17857142857142858)",1.2764913198926884,0.9982587654799744,0.2733637830853276,0.7820333361639276,-0.278232554412714,"(73, 27, 25, 67)","(0.73, 0.2717391304347826)",1.2061189883700063,0.9475782865189364,-0.0026256844019771,0.7856424578801537,-0.2585407018510699,"(67, 25, 26, 74)","(0.7282608695652174, 0.26)",1.2362155166856712,1.7245878176218183,0.017891891590122,1.395054336678678,0.4883723009361471,-0.07440002532755191,-0.24585790997979529,0.33293336553889946,-0.24125347823913962,0.17145788465224338,0.4073333908664514,0.1668534529115877,0.5787912755186948,0.004604431740655668,0.5741868437780391
4,5,"(67, 34, 23, 67)","(0.6633663366336634, 0.25555555555555554)",1.0660596070511923,1.3159061363109,0.1177202572026792,1.234364502329099,0.2498465292597076,,,,,,,,"(69, 19, 33, 71)","(0.7840909090909091, 0.3173076923076923)",1.2455962058935672,0.9166947403807963,-0.1554217062019777,0.7359485650674223,-0.3289014655127709,"(83, 21, 28, 60)","(0.7980769230769231, 0.3181818181818182)",1.2918024142833875,0.6655666118415685,-0.1809913862072545,0.5152232295608332,-0.6262358024418192,0.21055626462893773,,-0.6631550167751518,-0.30659504711455376,,0.8737112814040895,0.5171513117434915,,,0.356559969660598
5,6,"(46, 35, 19, 82)","(0.5679012345679012, 0.18811881188118812)",1.0424966468631849,1.5612003504166767,0.3569082382925662,1.4975591097719527,0.518703703553492,"(69, 18, 35, 58)","(0.7931034482758621, 0.3763440860215054)",1.1172663059108725,1.2338763511843318,-0.2510700202020806,1.1043708600684874,0.1166100452734595,"(80, 27, 24, 60)","(0.7476635514018691, 0.2857142857142857)",1.2185390242234762,0.9051737168428085,-0.0506032725907262,0.7428352304265657,-0.3133653073806677,"(56, 29, 27, 79)","(0.6588235294117647, 0.25471698113207547)",1.0568190456356463,1.264602244270017,0.1252324393392867,1.1966118982170646,0.207783198634371,0.4038365225302614,0.0992758154201568,0.17949414527808227,-0.2972810214056915,0.30456070711010463,0.22434237725217915,0.7011175439359529,0.08021832985792547,0.3965568368258483,0.4767751666837738
6,7,"(62, 29, 31, 64)","(0.6813186813186813, 0.3263157894736842)",0.9109724036889087,1.544638949181594,-0.01064004647564,1.6955935689453423,0.6336665454926852,"(61, 28, 22, 69)","(0.6853932584269663, 0.24175824175824176)",1.168732965362098,1.152893943081052,0.1089119040472764,0.9864476978484656,-0.015839022281046,"(76, 25, 34, 57)","(0.7524752475247525, 0.37362637362637363)",0.9931291141604568,0.4196139034724433,-0.1800178455901703,0.422516969334007,-0.5735152106880135,"(78, 13, 41, 60)","(0.8571428571428571, 0.40594059405940597)",1.2861444850159671,0.5185203320895911,-0.414785322483135,0.4031586949448792,-0.7676241529263762,0.5280328676991916,-0.013644972818056274,-0.9084250105656877,-0.861525668887306,0.5416778405172479,1.4364578782648794,1.3895585365864975,0.8947800377476314,0.8478806960692497,0.04689934167838172
7,8,"(74, 17, 24, 77)","(0.8131868131868132, 0.2376237623762376)",1.5827674431931582,1.8310485131287224,-0.0878670284433911,1.156865161084353,0.2482810699355642,"(69, 34, 17, 60)","(0.6699029126213593, 0.22077922077922077)",1.1926931281282989,1.489609040033423,0.1649595582478323,1.2489457723053006,0.2969159119051241,"(70, 31, 24, 67)","(0.693069306930693, 0.26373626373626374)",1.1232166050585075,0.6601577457086688,0.0636498213848271,0.5877385917690219,-0.4630588593498387,"(62, 29, 28, 73)","(0.6813186813186813, 0.27722772277227725)",1.050465735762866,-0.6864102478371481,0.0598537554921582,-0.6534342096733554,-1.736875983600014,0.14571389957416217,0.22229981331162926,,-0.5314730017562525,0.07658591373746709,,0.6771869013304146,,0.7537728150678817,
8,9,"(74, 23, 19, 73)","(0.7628865979381443, 0.20652173913043478)",1.5145002359590531,1.8414575216351976,0.051465393876677,1.2158846053061851,0.3269572856761444,"(67, 11, 41, 61)","(0.8589743589743589, 0.4019607843137255)",1.3014409920644374,0.9659207886307676,-0.4137238147271961,0.742193303054452,-0.3355202034336698,"(78, 23, 35, 56)","(0.7722772277227723, 0.38461538461538464)",1.027656771198794,0.4885744836331886,-0.2264930525329263,0.4754257426467896,-0.5390822875656054,"(65, 26, 33, 68)","(0.7142857142857143, 0.32673267326732675)",1.0033583082250987,0.6045677376162253,-0.0584977617854321,0.6025442084450188,-0.3987905706088734,0.19547188208882424,-0.2981455534973292,-0.5065942412966623,-0.7435445760757328,0.49361743558615345,0.7020661233854866,0.939016458164557,0.20844868779933312,0.4453990225784036,0.23695033477907046
9,10,"(64, 35, 18, 64)","(0.6464646464646465, 0.21951219512195122)",1.1343200706292396,1.2767250624134605,0.1990243089059365,1.1255421599877224,0.1424049917842207,"(66, 14, 40, 60)","(0.825, 0.4)",1.1699207047944455,1.052083658323511,-0.3406210939688401,0.8992777493482872,-0.1178370464709346,"(79, 22, 29, 62)","(0.7821782178217822, 0.31868131868131866)",1.236083960578868,-0.0185840529771862,-0.1540906540749979,-0.0150346202765086,-1.2546680135560542,"(74, 17, 35, 65)","(0.8131868131868132, 0.35)",1.2584094332589428,0.6224413862435009,-0.2521903443385963,0.4946254929379738,-0.635968047015442,0.11826483955932679,-0.10616333855803364,-0.7039543826877628,,0.22442817811736043,0.8222192222470895,,0.5977910441297292,,
10,11,"(81, 31, 35, 40)","(0.7232142857142857, 0.4666666666666667)",0.6690744893712166,1.52436546711565,-0.254382600737552,2.278319516483463,0.8552909777444335,"(54, 34, 16, 76)","(0.6136363636363636, 0.17391304347826086)",1.210718719287613,0.545410885021566,0.3250024809012198,0.4504852170308276,-0.665307834266047,"(80, 26, 26, 60)","(0.7547169811320755, 0.3023255813953488)",1.1930829015068092,1.2581205137632423,-0.08584263108039,1.0545122322801657,0.0650376122564331,"(64, 22, 28, 78)","(0.7441860465116279, 0.2641509433962264)",1.271477668450332,1.1972563427245209,-0.0128523333015452,0.9416259305471943,-0.074221325725811,0.8234381170344602,-0.7974300170541133,-0.06014718460132854,0.05307832094543431,1.6208681340885736,0.8835853016357887,0.7703597960890259,0.7372828324527848,0.8505083379995476,0.11322550554676286
11,12,"(74, 27, 15, 67)","(0.7326732673267327, 0.18292682926829268)",1.5039471446301964,1.567691671905113,0.141674586778636,1.042384818843212,0.0637445272749166,"(73, 19, 32, 56)","(0.7934782608695652, 0.36363636363636365)",1.1522182182347689,0.8556224752180442,-0.2348969119194736,0.7425871780858336,-0.2965957430167246,"(70, 31, 25, 66)","(0.693069306930693, 0.27472527472527475)",1.0904454541704154,0.9150906429102592,0.0470071907400886,0.8391897452646433,-0.1753548112601562,"(62, 29, 26, 75)","(0.6813186813186813, 0.25742574257425743)",1.1098259006557385,0.8876804822245923,0.0899563233365376,0.7998375976809587,-0.2221454184311462,0.041511183064745855,-0.29761500363406823,-0.2233465748208888,-0.1753184416307597,0.3391261866988141,0.26485775788563465,0.21682962469550557,0.07426842881317944,0.12229656200330852,0.04802813319012908
12,13,"(79, 20, 26, 67)","(0.797979797979798, 0.27956989247311825)",1.4010559817092896,1.8741387506311824,-0.125153655697406,1.3376615746251137,0.4730827689218928,"(57, 27, 26, 70)","(0.6785714285714286, 0.2708333333333333)",1.0610277194227062,0.2650450543958058,0.0732934293645767,0.2498003110983886,-0.7959826650269004,,,,,,,,,,,,,,,0.2909229959499034,-1.387093435901569,,,1.6780164318514723,,,,,
13,14,"(55, 27, 23, 84)","(0.6707317073170732, 0.21495327102803738)",1.2166060484479462,1.8241021301226352,0.1737085314565896,1.4993367265021298,0.607496081674689,"(59, 37, 12, 72)","(0.6145833333333334, 0.14285714285714285)",1.3373284878226563,1.1402274223379492,0.3881427454373702,0.8526158178192904,-0.1971010654847071,"(78, 15, 38, 61)","(0.8387096774193549, 0.3838383838383838)",1.2669174237623742,1.640617603045295,-0.3468767427526986,1.294968063643123,0.3737001792829209,"(77, 22, 30, 63)","(0.7777777777777778, 0.3225806451612903)",1.210655604941088,1.7106503130504638,-0.1521075673416354,1.4129949971476043,0.4999947081093758,0.40502282798481476,-0.1594462223726286,0.34571156310702433,0.25848603356796496,0.5644690503574433,0.059311264877790426,0.1465367944168498,0.505157785479653,0.4179322559405936,0.08722552953905938
14,15,"(64, 21, 30, 69)","(0.7529411764705882, 0.30303030303030304)",1.1845632071646766,2.052230893564882,-0.0840347930931301,1.7324790109571444,0.8676676864002053,"(60, 32, 19, 69)","(0.6521739130434783, 0.2159090909090909)",1.1620049411767404,1.122327205444847,0.1974439523638642,0.9658540731404184,-0.0396777357318933,"(65, 31, 17, 79)","(0.6770833333333334, 0.17708333333333334)",1.3682730788850292,1.053561464827914,0.2334896753605738,0.7699935642133909,-0.3147116140571153,"(67, 29, 20, 76)","(0.6979166666666666, 0.20833333333333334)",1.3143564308127846,0.7218394794221561,0.1468999065303298,0.5491961407879123,-0.5925169513906285,0.5495533371208843,-0.03474251918242079,-0.5992996320833084,-0.26137312233376453,0.584295856303305,1.1488529692041927,0.8109264594546488,0.5645571129008876,0.22663060315134373,0.33792650974954386
15,16,"(67, 31, 26, 56)","(0.6836734693877551, 0.3170731707317073)",0.9425103246133608,1.7954249090517391,-0.0010484983209558,1.9049392480536096,0.8529145844383785,"(37, 48, 7, 88)","(0.43529411764705883, 0.07368421052631578)",1.2567966588442705,1.424235428637865,0.8059004652128023,1.1332266191315057,0.1674387697935941,"(74, 26, 28, 64)","(0.74, 0.30434782608695654)",1.1419703948616375,1.316033917845103,-0.0657045957607938,1.1524238489602483,0.1740635229834655,"(73, 19, 30, 70)","(0.7934782608695652, 0.3)",1.3262547572415393,0.8498141802255282,-0.1470745033239755,0.6407623992188697,-0.476440577016011,0.6444501172846355,0.1250689789308656,-0.445096562822776,0.14186741905075817,0.5193811383537699,1.0895466801074116,0.5025826982338774,0.5701655417536415,0.016798440119892566,0.5869639818735342
16,17,"(70, 29, 25, 60)","(0.7070707070707071, 0.29411764705882354)",1.073296118494214,1.6116664037512296,-0.0017260771087915,1.50160461402984,0.5383702852570156,"(63, 27, 26, 64)","(0.7, 0.28888888888888886)",1.0679466380184284,0.3155628127185719,0.0161165541795851,0.2954855621851085,-0.7523838252998565,,,,,,,,,,,,,,,0.4065342790277427,-1.2191353022632636,,,1.6256695812910062,,,,,
17,18,"(63, 25, 24, 68)","(0.7159090909090909, 0.2608695652173913)",1.1963625060994016,1.2134680668137556,0.0349678096377185,1.0142979745914344,0.0171055607143539,"(64, 20, 34, 62)","(0.7619047619047619, 0.3541666666666667)",1.0725799464850945,1.245483899964399,-0.1691738110958827,1.1612037909583528,0.1729039534793044,"(79, 22, 34, 57)","(0.7821782178217822, 0.37362637362637363)",1.088847445839851,0.934820910131374,-0.2286534158537189,0.8585416751474555,-0.154026535708477,"(70, 21, 35, 66)","(0.7692307692307693, 0.3465346534653465)",1.1173497161346668,0.7089414667209298,-0.170811348608369,0.6344848497151144,-0.408408249413737,0.014196722544259584,0.1494572178532884,-0.4549418696303173,-0.15252005567903193,0.1352604953090288,0.4691385921745769,0.1667167782232915,0.6043990874836057,0.3019772735323203,0.30242181395128537
18,19,"(59, 32, 13, 76)","(0.6483516483516484, 0.14606741573033707)",1.4129649740145205,1.4255643107395055,0.3362879354126759,1.0089169490799113,0.0125993367249854,"(88, 7, 39, 46)","(0.9263157894736842, 0.4588235294117647)",1.5199886673379508,1.549983525483222,-0.6727457653318963,1.0197336064339235,0.0299948581452711,"(76, 22, 29, 65)","(0.7755102040816326, 0.30851063829787234)",1.242217640881089,1.3292588795732343,-0.1285204443103554,1.0700692341081297,0.0870412386921453,"(71, 23, 29, 69)","(0.7553191489361702, 0.29591836734693877)",1.213014009792357,1.112578050278928,-0.0775740662814925,0.917201319438494,-0.1004359595134289,0.008877427854878956,0.019541423022493374,-0.08642828944894917,0.06772335115450422,0.010663995167614418,0.09530571730382813,0.058845923299625263,0.10596971247144255,0.048181928132010846,0.15415164060345338
19,20,"(60, 33, 27, 67)","(0.6451612903225806, 0.2872340425531915)",0.9230668172481158,0.9909134154663392,0.0945969892913894,1.0735012860937745,0.0678465982182233,"(56, 33, 14, 77)","(0.6292134831460674, 0.15384615384615385)",1.3303079860823173,1.0036021627278189,0.3451526377933962,0.7544133939114137,-0.3267058233544986,"(78, 21, 35, 58)","(0.7878787878787878, 0.3763440860215054)",1.1008250512639075,0.4096461728018258,-0.2419929902549698,0.3721264994210409,-0.6911788784620817,"(79, 14, 40, 59)","(0.8494623655913979, 0.40404040404040403)",1.258778170668828,-0.1779120290232138,-0.3956138050355267,-0.1413370784215964,-1.4366901996920418,0.07092553637396377,-0.28181479343102983,,-0.9885214303065389,0.3527403298049936,,1.0594469666805026,,0.706706636875509,
20,21,"(66, 28, 27, 60)","(0.7021276595744681, 0.3103448275862069)",1.0131769238227102,1.2925586707675374,-0.0178282983102212,1.27574823347804,0.2793817469448272,"(73, 18, 33, 56)","(0.8021978021978022, 0.3707865168539326)",1.163718485550275,0.8027972886526136,-0.2598633838694216,0.6898552344238166,-0.3609211968976611,"(68, 23, 30, 71)","(0.7472527472527473, 0.297029702970297)",1.184706608852289,0.9224658379579534,-0.0664534127333755,0.7786449666653019,-0.2622407708943356,"(77, 24, 26, 65)","(0.7623762376237624, 0.2857142857142857)",1.2647815202671402,0.9289395836547116,-0.0740091381325574,0.734466442440198,-0.3358419366124285,0.24353285626809063,-0.3712735085858928,-0.30861097203588095,-0.2502000922428908,0.6148063648539834,0.5521438283039716,0.49373294851098143,0.06266253655001186,0.121073416343002,0.058410879792990145
21,22,"(53, 28, 37, 64)","(0.654320987654321, 0.36633663366336633)",0.7300053957479995,1.0249309454992437,-0.0277205676164554,1.4040046162248554,0.2949255497512442,"(60, 21, 30, 69)","(0.7407407407407407, 0.30303030303030304)",1.1466660610885349,0.2523653756237557,-0.0649629777914717,0.220086199624836,-0.8943006854647791,"(65, 31, 29, 66)","(0.6770833333333334, 0.30526315789473685)",0.9580202929594166,0.1389047542169927,0.0248820354646287,0.1449914529345747,-0.8191155387424238,"(67, 28, 33, 64)","(0.7052631578947368, 0.3402061855670103)",0.9408652089586363,-0.2779326415359286,-0.0638492050826826,-0.2954011253573173,-1.2187978504945651,0.3393285935076554,-1.5137359928932792,,-1.9310804835776991,1.8530645864009345,,2.2704090770853544,,0.4173444906844199,
22,23,"(69, 24, 25, 73)","(0.7419354838709677, 0.25510204081632654)",1.2922161181625618,1.2516056850738977,0.0045980186809355,0.968573033165374,-0.040610433088664,"(36, 46, 6, 92)","(0.43902439024390244, 0.061224489795918366)",1.3573636819734105,1.4952185056866028,0.8490093421932947,1.101560713273816,0.1378548237131924,"(65, 38, 29, 60)","(0.6310679611650486, 0.3258426966292135)",0.7774017741294612,0.935331828461938,0.0583694269079845,1.20315113701577,0.1579300543324768,"(62, 27, 32, 70)","(0.6966292134831461, 0.3137254901960784)",0.988712286762062,1.0467170048884151,-0.014706230456498,1.058666933649943,0.0580047181263532,-0.03193139044396571,0.09672800446467159,0.05701050690498113,0.18494406253089113,0.1286593949086373,0.08894189734894684,0.21687545297485683,0.03971749755969046,0.08821605806621954,0.12793355562591
23,24,"(64, 32, 27, 59)","(0.6666666666666666, 0.313953488372093)",0.9046617704672136,1.8076088780580823,0.0269737983636619,1.998104636525694,0.902947107590869,"(68, 14, 38, 60)","(0.8292682926829268, 0.3877551020408163)",1.217974555204839,0.9878687667967728,-0.3330514451919812,0.8110750446922373,-0.2301057884080664,"(68, 32, 19, 73)","(0.68, 0.20652173913043478)",1.270262052297352,0.2150448026603428,0.1754253601207417,0.169291684555498,-1.0552172496370091,"(72, 20, 30, 70)","(0.782608695652174, 0.3)",1.2894551361699924,0.0625902628943969,-0.1283166494073339,0.0485400857608011,-1.2268648732755956,0.6921990494885485,-0.20939469561841784,-3.025365311878463,-1.7761321076736556,0.9015937451069663,3.7175643613670113,2.468331157162204,2.815970616260045,1.5667374120552378,1.2492332042048073
24,25,"(70, 18, 30, 76)","(0.7954545454545454, 0.2830188679245283)",1.381764823745601,1.5604971674955914,-0.1257989172905242,1.129350769883904,0.1787323437499903,"(66, 27, 24, 63)","(0.7096774193548387, 0.27586206896551724)",1.1335152883085706,1.539580264519318,0.0213679743432516,1.3582351119557257,0.4060649762107473,"(69, 26, 29, 68)","(0.7263157894736842, 0.29896907216494845)",1.1161091658840605,1.4529001045900631,-0.0371701372581214,1.301754477967425,0.3367909387060028,"(75, 22, 31, 64)","(0.7731958762886598, 0.3263157894736842)",1.1852882409071674,1.2712653018034543,-0.1496518721750164,1.0725368378163307,0.0859770608962871,0.12164292768719237,0.3061861451935629,0.07002671884446354,0.2637129530145668,0.18454321750637054,0.05161620884272883,0.14207002532737445,0.23615942634909937,0.04247319217899609,0.19368623417010328
25,26,"(64, 28, 31, 57)","(0.6956521739130435, 0.3522727272727273)",0.8806584242077627,1.3644649097000718,-0.0663722164938245,1.5493690541001066,0.4838064854923091,"(85, 12, 34, 49)","(0.8762886597938144, 0.40963855421686746)",1.3637521193214903,1.1158865233451654,-0.4640786526308846,0.8182473248146841,-0.2478655959763249,"(74, 27, 31, 60)","(0.7326732673267327, 0.34065934065934067)",1.0199450065166362,0.2449294810081027,-0.1051269169529318,0.2401398893501105,-0.7750155255085335,"(61, 30, 27, 74)","(0.6703296703296703, 0.26732673267326734)",1.049714515876956,0.1577671371293335,0.0900472521905558,0.1502952800433851,-0.8919473787476223,0.4378477861880828,-0.20059063500468344,-1.8951533862866026,-1.4265336531520936,0.6384384211927663,2.3330011724746855,1.8643814393401763,1.6945627512819192,1.2259430181474102,0.468619733134509
26,27,"(80, 28, 28, 55)","(0.7407407407407407, 0.3373493975903614)",1.0532398712403643,1.635501712679154,-0.1129613849071021,1.5528292816650398,0.5822618414387897,"(61, 25, 28, 66)","(0.7093023255813954, 0.2978723404255319)",1.068741427643651,0.2719284430739949,-0.0104089674657358,0.2544380109541927,-0.7968129845696563,"(70, 27, 31, 64)","(0.7216494845360825, 0.3263157894736842)",1.0261202113469463,0.1036928692004489,-0.0688196272574643,0.1010533347397334,-0.9224273421464974,"(66, 29, 27, 70)","(0.6947368421052632, 0.27835051546391754)",1.0845655806719328,0.2418992970276533,0.0392131538444983,0.2230379622390255,-0.8426662836442794,0.4400786100268083,-1.368698044549233,-1.500413287754505,-2.2921068347890143,1.8087766545760413,1.9404918977813135,2.7321854448158227,0.13171524320527217,0.9234087902397814,0.7916935470345092
27,28,"(66, 23, 32, 62)","(0.7415730337078652, 0.3404255319148936)",1.046647925533258,1.6596901088286389,-0.1184502637804511,1.585719579946658,0.6130421832953807,"(56, 25, 27, 72)","(0.691358024691358, 0.2727272727272727)",1.0908469795604514,0.3144539508743302,0.0524409821877267,0.2882658675014502,-0.7763930286861211,"(69, 35, 21, 67)","(0.6634615384615384, 0.23863636363636365)",1.1189186861230138,0.6671795705862336,0.1443834843533159,0.5962717209576424,-0.4517391155367802,"(60, 28, 29, 75)","(0.6818181818181818, 0.27884615384615385)",1.0470851167614303,1.0433061580912202,0.0567417642051888,0.9963909727970366,-0.0037789586702101,0.46103829796250123,-1.243872073641359,-0.0036155554534614224,-0.5170588081640514,1.7049103716038603,0.46465385341596266,0.9780971061265527,1.2402565181878977,0.7268132654773077,0.51344325271059
28,29,"(65, 26, 24, 69)","(0.7142857142857143, 0.25806451612903225)",1.2004883631818384,1.5080592927303518,0.0416875456268013,1.2562048404478583,0.3075709295485134,,,,,,,,"(71, 26, 30, 65)","(0.7319587628865979, 0.3157894736842105)",1.0856957470142552,0.1621962631494809,-0.069621104379878,0.1493938459237155,-0.9234994838647744,"(71, 24, 32, 65)","(0.7473684210526316, 0.32989690721649484)",1.0935984155364258,0.9766579282456852,-0.1130168106781192,0.8930681632037848,-0.1169404872907405,0.22809514427690517,,-0.11309237044332122,-1.9011691990748334,,0.3411875147202264,2.1292643433517386,,,1.788076828631512
29,30,"(56, 25, 35, 64)","(0.691358024691358, 0.35353535353535354)",0.8649429429030477,2.094990488923282,-0.0619551338412019,2.422114089851718,1.2300475460202345,"(65, 45, 5, 65)","(0.5909090909090909, 0.07142857142857142)",1.650109816474417,1.0347615483650048,0.6176748375531455,0.6270864751146382,-0.6153482681094122,"(65, 28, 26, 72)","(0.6989247311827957, 0.2653061224489796)",1.1350979252750075,1.2125619874918832,0.0528806297275311,1.0682443871070486,0.0774640622168754,"(70, 28, 26, 68)","(0.7142857142857143, 0.2765957446808511)",1.145563670517867,1.2987395897797256,0.0135178660243843,1.1337122703905351,0.1531759192618589,0.8846407496580123,-0.46667082901602247,0.1254974432963621,0.066016541240385,1.3513115786740348,0.7591433063616502,0.8186242084176273,0.5921682723123846,0.5326873702564074,0.059480902055977086
30,31,"(56, 32, 22, 75)","(0.6363636363636364, 0.2268041237113402)",1.0848688920363432,1.5613089738997148,0.2003287107350982,1.4391683505359565,0.4764400818633716,"(47, 39, 13, 81)","(0.5465116279069767, 0.13829787234042554)",1.1864121926739586,1.82655890768123,0.4855729050097115,1.5395651856581958,0.6401467150072715,"(66, 25, 31, 70)","(0.7252747252747253, 0.3069306930693069)",1.0904454541704154,-0.5902038951970401,-0.0470071907400886,-0.5412502688142737,-1.6806493493674557,"(70, 31, 24, 67)","(0.693069306930693, 0.26373626373626374)",1.1232166050585075,-0.4919122017851235,0.0636498213848271,-0.437949545590541,-1.615128806843631,0.3640654124006771,0.4315000295829286,,,0.06743461718225152,,,,,
31,32,"(76, 17, 17, 81)","(0.8172043010752689, 0.17346938775510204)",1.8198516504218776,2.7736692095101314,0.017890736087087,1.5241183031963843,0.9538175590882538,"(39, 38, 14, 89)","(0.5064935064935064, 0.13592233009708737)",1.0989838201390767,0.92882171471504,0.541273445084854,0.8451641395389219,-0.1701621054240366,,,,,,,,,,,,,,,0.42141608102093386,-0.16822442251360284,,,0.5896405035345367,,,,,
32,34,"(58, 24, 38, 60)","(0.7073170731707317, 0.3877551020408163)",0.8205284692319417,1.0271359730803438,-0.1301944567387331,1.2517980930531245,0.2066075038484021,"(66, 19, 27, 68)","(0.7764705882352941, 0.28421052631578947)",1.3133732732287282,1.9114791256449837,-0.0949745527225978,1.455396698416059,0.5981058524162552,"(64, 26, 25, 77)","(0.7111111111111111, 0.24509803921568626)",1.2320044102942869,0.147141271202963,0.0666816858957859,0.1194324224600914,-1.0848631390913237,"(69, 33, 22, 68)","(0.6764705882352942, 0.24444444444444444)",1.1362483121842728,1.0230792769119013,0.117112602800759,0.9004011411424493,-0.1131690352723715,0.2245809921434473,0.37527850842206384,-0.10491490257758501,-2.1250045699933886,0.15069751627861655,0.3294958947210323,2.349585562136836,0.48019341099964885,2.5002830784154524,2.0200896674158035
33,35,"(61, 27, 23, 76)","(0.6931818181818182, 0.23232323232323232)",1.2211978098081773,1.9063283597906264,0.1131638145595577,1.5610315908526466,0.6851305499824494,"(81, 7, 44, 48)","(0.9204545454545454, 0.4782608695652174)",1.4308445412511308,1.250580188546572,-0.6768083631499937,0.8740154171137727,-0.1802643527045588,"(52, 39, 36, 65)","(0.5714285714285714, 0.3564356435643564)",0.5422647813120008,0.9547744672200372,0.0939951207233133,1.7607163513551,0.4125096859080364,"(74, 27, 36, 55)","(0.7326732673267327, 0.3956043956043956)",0.8757960561203022,0.3946655215172087,-0.1780884556144338,0.4506363310946403,-0.4811305346030934,0.44534687890228275,-0.13465726376390416,-0.7970946259727579,0.5657207440561762,0.5800041426661869,1.2424415048750408,0.12037386515389348,0.6624373622088537,0.7003780078200804,1.362815370028934
34,36,"(57, 31, 10, 83)","(0.6477272727272727, 0.10752688172043011)",1.592250493763376,1.3478729603989323,0.4302981831075778,0.8465206735236469,-0.2443775333644435,"(65, 30, 22, 63)","(0.6842105263157895, 0.25882352941176473)",1.1124514554961915,0.8290815295485214,0.0837354959765107,0.7452743447386857,-0.2833699259476703,"(65, 26, 25, 75)","(0.7142857142857143, 0.25)",1.225830343790392,1.723569012080032,0.0542704641316093,1.406042052075968,0.4977386682896401,"(76, 24, 24, 67)","(0.76, 0.26373626373626374)",1.322074622488548,1.0319601456385354,-0.0372168165861238,0.780561193812246,-0.2901144768500125,-0.1666206553520032,-0.29400288041783057,-0.24774213875314416,0.3407787019568319,0.12738222506582736,0.08112148340114095,0.5073993573088351,0.04626074166468641,0.6347815823746625,0.588520840709976
35,37,"(70, 23, 23, 70)","(0.7526881720430108, 0.24731182795698925)",1.3489795003921634,1.323850761024392,-0.0,0.9813720376325464,-0.0251287393677714,"(79, 31, 24, 46)","(0.7181818181818181, 0.34285714285714286)",0.9703014603116996,1.4561613569046896,-0.0863854127314266,1.5007308722764496,0.4858598965929901,"(65, 28, 26, 73)","(0.6989247311827957, 0.26262626262626265)",1.1432493661470833,1.553903256256453,0.0569796408339886,1.3591988784505808,0.4106538901093697,"(75, 24, 31, 62)","(0.7575757575757576, 0.3333333333333333)",1.116164840773377,0.973904653004986,-0.1338992055248012,0.8725455393579493,-0.1422601877683911,-0.01880364805694088,0.40595223762561283,-0.13634043216108765,0.3068954662211695,0.42475588568255374,0.11753678410414678,0.3256991142781104,0.5422926697867005,0.09905677140444336,0.44323589838225713
36,38,"(77, 15, 14, 82)","(0.8369565217391305, 0.14583333333333334)",2.0060682790765334,2.7626779955152827,0.0362231417302705,1.377160500632134,0.7566097164387493,"(58, 33, 24, 65)","(0.6373626373626373, 0.2696629213483146)",0.953545773552792,0.8690891508128847,0.1312073462711977,0.9114288741218656,-0.0844566227399074,"(84, 21, 31, 56)","(0.8, 0.3563218390804598)",1.1954862297766018,0.7985605881786297,-0.2366566772397518,0.6679797460551722,-0.396925641597972,"(66, 21, 31, 74)","(0.7586206896551724, 0.29523809523809524)",1.225037269462696,1.4732170923186063,-0.0818632494588865,1.2025896101632587,0.2481798228559104,0.32002377114741015,-0.09274171959004,0.18447724010759625,-0.4034974261818486,0.41276549073745017,0.1355465310398139,0.7235211973292588,0.27721895969763627,0.31075570659180857,0.5879746662894448
37,39,"(79, 17, 14, 88)","(0.8229166666666666, 0.13725490196078433)",1.9906309960723567,2.6218478772527902,0.0830991147353452,1.3170938674349313,0.6312168811804331,,,,,,,,"(72, 27, 28, 65)","(0.7272727272727273, 0.3010752688172043)",1.1130034777519922,0.0466193372996348,-0.041637459187309,0.0418860661547932,-1.0663841404523573,"(66, 27, 25, 74)","(0.7096774193548387, 0.25252525252525254)",1.204778854298124,0.5568083527258681,0.0570608372755648,0.4621664388774915,-0.6479705015722558,0.27542769390005933,,-0.7718301954668944,-3.1728020573659954,,1.0472578893669537,3.4482297512660547,,,2.400971861899101
38,40,"(63, 21, 10, 91)","(0.75, 0.09900990099009901)",1.930232148908864,1.943168458143828,0.3063619913106238,1.0067019447594825,0.0129363092349641,"(62, 29, 21, 68)","(0.6813186813186813, 0.23595505617977527)",1.1757571300322398,0.1030480919255333,0.1239925917499744,0.0876440289353871,-1.0727090381067064,"(65, 29, 26, 72)","(0.6914893617021277, 0.2653061224489796)",1.114213619683281,0.1214522234409481,0.0634976393567655,0.1090026376409501,-0.992761396242333,"(64, 34, 21, 73)","(0.6530612244897959, 0.22340425531914893)",1.1404493199687034,-0.3299407997401261,0.1835740289871687,-0.2893077263171856,-1.4703901197088296,0.006679586567687807,-2.434471793889947,,-2.216383198504947,2.441151380457635,,2.223062785072635,,0.2180885953849998,
39,41,"(77, 25, 23, 65)","(0.7549019607843137, 0.26136363636363635)",1.3130720956602933,1.1181070274450589,-0.0254249701311551,0.8515199059826232,-0.1949650682152344,"(54, 31, 22, 73)","(0.6352941176470588, 0.23157894736842105)",1.0662390070819532,0.9604733948204393,0.1938743710910332,0.9008049681553392,-0.105765612261514,"(46, 52, 64, 30)","(0.46938775510204084, 0.6808510638297872)",-0.5407889317843518,-2.1141261942787426,-0.1966355052896772,3.909337026005895,-1.5733372624943909,"(34, 60, 77, 21)","(0.3617021276595745, 0.7857142857142857)",-1.1318112775975453,-2.3785720961248784,-0.2188629180392316,2.1015624629344454,-1.2467608185273331,-0.16073240160405614,-0.10446650634178344,0.7426810980450805,1.3633678010543282,0.0562658952622727,0.9034134996491366,1.5241002026583843,0.847147604386864,1.4678343073961115,0.6206867030092477
40,33,,,,,,,,"(65, 27, 25, 63)","(0.7065217391304348, 0.2840909090909091)",1.100400712870996,0.6390263621802087,0.0137397904711172,0.5807215087247258,-0.4613743506907873,,,,,,,,,,,,,,,,-0.5434839679845331,,,,,,,,
